requirement_id,implementation_location,behavioral_test,report_output,current_status
NFT-001,thinc_v4_2_niche_validation.py,NicheValidationTests.test_accept_and_test_when_both_paths_and_gates_align,niche_validation.discovery_path,IMPLEMENTED
NFT-002,thinc_v4_2_niche_validation.py,NicheValidationTests.test_accept_and_test_when_both_paths_and_gates_align,niche_validation.reverse_validation_path,IMPLEMENTED
NFT-003,thinc_v4_2_niche_validation.py,NicheValidationTests.test_accept_and_test_when_both_paths_and_gates_align,niche_validation.convergence,IMPLEMENTED
NFT-004,thinc_v4_2_niche_validation.py,NicheValidationTests.test_rejects_when_product_does_not_solve_problem,niche_validation.strategic_decision,IMPLEMENTED
NFT-005,thinc_v4_2_niche_validation.py,NicheValidationTests.test_repositions_when_actual_persona_differs,niche_validation.strategic_decision,IMPLEMENTED
NFT-006,thinc_v4_2_niche_validation.py,NicheValidationTests.test_refines_offer_when_offer_is_weak,niche_validation.strategic_decision,IMPLEMENTED
NFT-007,thinc_v4_2_niche_validation.py,NicheValidationTests.test_accept_and_test_when_both_paths_and_gates_align,decision,IMPLEMENTED
NFT-008,thinc_v4_2_niche_validation.py,NicheValidationTests.test_economics_failure_vetoes_launch,niche_validation.launch_gate,PENDING_CONFIRMATION
NFT-009,SKILL.md + references/approved-decisions.md,Skill validation manual contract,skill teaching model,IMPLEMENTED
NFT-010,tests/test_niche_validation.py,NicheValidationTests.test_no_baby_organizer_default,absence from defaults,IMPLEMENTED
NFT-011,thinc_v4_2_niche_validation.py,NicheFeedbackTests.test_single_micro_niche_failure_preserves_parent_niche,niche_feedback,IMPLEMENTED
NFT-012,thinc_v4_2_niche_validation.py,NicheFeedbackTests.test_single_micro_niche_failure_preserves_parent_niche,niche_feedback.action,PENDING_CONFIRMATION
NFT-013,thinc_v4_2_niche_validation.py,NicheFeedbackTests.test_single_micro_niche_failure_preserves_parent_niche,niche_feedback.parent_niche_decision,PENDING_CONFIRMATION
NFT-014,thinc_v4_2_niche_validation.py,NicheFeedbackTests.test_strong_niche_weak_product_returns_to_opportunity_map,niche_feedback.recommended_next_step,IMPLEMENTED
NFT-015,thinc_v4_2_media_runner.py,MarketSignalIntegrationTests.test_complete_niche_payload_accepts_controlled_test,niche_validation,IMPLEMENTED
NFT-016,thinc_v4_2_media_runner.py,MarketSignalIntegrationTests.test_market_pass_without_niche_is_incomplete,decision + market_signal_gate,IMPLEMENTED
NFT-017,thinc_v4_2_media_runner.py,MarketSignalIntegrationTests.test_market_pass_without_niche_is_incomplete,niche_validation before overall decision,PENDING_CONFIRMATION
GOV-001,docs/governance/THINC_v4_2_Approved_Decisions_Registry_2026-08-09.csv,GovernanceTests.test_registry_ids_are_unique,governance_coverage,IMPLEMENTED
GOV-002,docs/governance/THINC_v4_2_Requirements_Traceability_Matrix_2026-08-09.csv,GovernanceTests.test_all_registry_ids_have_traceability_rows,governance_coverage,IMPLEMENTED
GOV-003,thinc_v4_2_media_runner.py,MarketSignalIntegrationTests.test_market_pass_without_niche_is_incomplete,completeness_gate,IMPLEMENTED
GOV-004,thinc_v4_2_media_runner.py,MarketSignalIntegrationTests.test_market_pass_without_niche_is_incomplete,analysis_status,IMPLEMENTED
GOV-005,scripts/verify_governance.py,GovernanceTests.test_coverage_counts_derive_from_registry,governance_coverage,IMPLEMENTED
GOV-006,docs/governance/THINC_v4_2_Requirements_Traceability_Matrix_2026-08-09.csv,GovernanceTests.test_all_registry_ids_have_traceability_rows,current_status,IMPLEMENTED
GOV-007,tests/test_niche_validation.py + tests/test_market_signal_integration.py,Full behavioral suite,verification result,IMPLEMENTED
MS-001,thinc_v4_2_market_signals.py,MarketSignalGateTests,market_signal_gate,IMPLEMENTED
MS-002,thinc_v4_2_media_runner.py,MarketSignalIntegrationTests.test_market_pass_without_niche_is_incomplete,media_protocol_decision,IMPLEMENTED
MS-003,Karseell_market_signal_capture_2026-08-09.json,MarketSignalGateTests,market_signal_gate.evidence_snapshot,IMPLEMENTED
MS-004,THINC_v4_2_Media_Test_Protocol_Master_Framework.py,MarketSignalIntegrationTests.test_status_layer_reports_access_without_treating_key_as_evidence,provider status,IMPLEMENTED
KAR-001,Karseell_THINC_v4_2_input_2026-08-09.json,MarketSignalIntegrationTests.test_karseell_reference_is_not_launchable,niche_validation paths,IMPLEMENTED
KAR-002,Karseell_THINC_v4_2_input_2026-08-09.json,MarketSignalIntegrationTests.test_karseell_reference_is_not_launchable,critical_risks,IMPLEMENTED
KAR-003,Karseell_THINC_v4_2_input_2026-08-09.json,JSON reference verification,feedback_plan hypotheses,IMPLEMENTED
KAR-004,Karseell_THINC_v4_2_engine_output_2026-08-09.json,MarketSignalIntegrationTests.test_karseell_reference_is_not_launchable,economics + required_actions,IMPLEMENTED
KAR-005,Karseell_THINC_v4_2_engine_output_2026-08-09.json,MarketSignalIntegrationTests.test_karseell_reference_is_not_launchable,decision + launch_gate,IMPLEMENTED
PRA-001,thinc_v4_2_niche_validation.py,NicheFeedbackTests.test_strong_niche_weak_product_returns_to_opportunity_map,niche_feedback,IMPLEMENTED
PRA-002,thinc_v4_2_niche_validation.py,NicheValidationTests.test_critical_risk_vetoes_launch,niche_validation.launch_gate,IMPLEMENTED
